Tag,Views,Likes,Comments,Shares,Usage
energyboost,230,1,0,0,1
vitality,490,12,0,0,2
naturalremedies,1572,38,0,2,5
stressfreelife,230,1,0,0,1
pujatsmethod,36410,975,9,34,72
energizinglifestyle,230,1,0,0,1
holistichealth,2240,101,0,1,7
healthyhabits,1769,79,0,3,6
wellnessjourney,4836,210,0,8,14
empoweryourself,3396,89,0,4,9
boostyourenergy,230,1,0,0,1
radiantlife,230,1,0,0,1
holistichealing,907,18,0,0,3
wellnessinspiration,230,1,0,0,1
dailyenergy,230,1,0,0,1
livevibrantly,230,1,0,0,1
reelschallenge,1192,48,0,0,4
tiktoktrend,1192,48,0,0,4
healthylifestyle,1637,55,1,0,5
business,12028,453,0,19,32
health,17465,723,5,38,39
instagram,12849,475,0,19,35
welcometothegoodlife,7450,295,0,12,19
grind,7721,306,0,12,20
amp,1192,48,0,0,4
photo,1192,48,0,0,4
vira≈Ç,3355,123,0,3,9
meditationjourney,272,8,0,0,1
holisticwellness,4366,152,0,8,11
soulfulliving,272,8,0,0,1
empoweryourmind,272,8,0,0,1
mindfulnessmeditation,272,8,0,0,1
positivemindset,529,13,0,0,2
mindbodysoul,529,13,0,0,2
meditationbenefits,529,13,0,0,2
selfcarematters,548,38,0,0,2
tiktokwellness,272,8,0,0,1
selflovejourney,272,8,0,0,1
mindfulliving,529,13,0,0,2
wellnesscommunity,1198,36,0,0,2
meditationpractice,272,8,0,0,1
positiveenergy,272,8,0,0,1
transformyourlife,272,8,0,0,1
yourwellnessjourney,272,8,0,0,1
mindfulmorningyoga,276,30,0,0,1
morningwellness,276,30,0,0,1
bedsideyoga,276,30,0,0,1
mindfulmornings,276,30,0,0,1
yogamagic,276,30,0,0,1
yoga,232613,15860,328,3597,56
wellnesstips,2787,109,0,6,9
wellnesswarrior,276,30,0,0,1
neckpainrelief,1254,53,0,2,4
selfcarejourney,713,20,0,2,2
painfreeliving,3910,116,0,9,8
productivityboost,414,9,0,0,1
dailywellness,414,9,0,0,1
painrelief,1288,60,0,1,4
migrainerelief,414,9,0,0,1
headacherelief,414,9,0,0,1
selfempowerment,414,9,0,0,1
abworkout,2592,111,8,7,3
corestrength,4463,229,14,15,6
fitnessjourney,1821,54,0,3,4
fitnessgoals,2197,76,0,3,5
strongcore,1592,28,0,0,2
absworkout,5676,169,2,13,5
fitnesstips,7834,264,8,29,5
workoutinspiration,684,16,0,0,1
healthyliving,1625,44,0,2,3
fitnessforall,1292,30,0,2,2
workouttime,1292,30,0,2,2
exerciseideas,684,16,0,0,1
homeworkouts,957,29,0,0,2
workouttogether,684,16,0,0,1
fitnesslifestyle,1292,30,0,2,2
trainhard,684,16,0,0,1
stayactive,1292,30,0,2,2
workoutmood,684,16,0,0,1
fitnessresults,684,16,0,0,1
healthandwellness,10341,321,9,13,13
tiktokworkout,2724,132,3,6,2
workoutroutine,6046,356,5,30,4
abchallenge,5564,244,20,14,8
fittips,684,16,0,0,1
fyp,96042,4069,141,217,97
discipline,6529,258,0,12,16
website,11657,427,0,19,31
shoulderpainrelief,2452,79,2,17,2
consultationavailable,335,5,0,2,1
stretchingroutine,1297,38,4,4,2
mobilitymatters,1248,36,0,3,3
flexibility,2646,84,0,2,2
fitnessmotivation,18298,288,7,9,15
stretchandflex,608,14,0,2,1
fitnesscommunity,941,28,0,2,2
workoutideas,4734,334,4,32,3
stretchingexercises,608,14,0,2,1
fitinspiration,608,14,0,2,1
stretchingbenefits,608,14,0,2,1
stretchingforhealth,608,14,0,2,1
backpainrelief,19745,530,12,33,22
movementismedicine,46907,2548,12,96,21
healthtips,3488,194,12,16,6
mindbodyconnection,333,14,0,0,1
wellbeing,1006,50,1,5,2
backhealth,333,14,0,0,1
stressrelief,590,19,0,0,2
posturecorrection,333,14,0,0,1
mindfulmovement,634,35,0,1,2
selfcaresunday,632,25,0,2,2
dailystretch,333,14,0,0,1
officewellness,333,14,0,0,1
athletelife,333,14,0,0,1
deskstretch,333,14,0,0,1
painmanagement,778,21,1,0,2
backcare,590,20,0,0,2
inflammationrelief,333,14,0,0,1
coldtherapy,604,25,0,0,2
soremuscle,333,14,0,0,1
mindfulnessmatters,257,5,0,0,1
innerpeace,257,5,0,0,1
mentalwellness,1040,16,0,0,2
dailymeditation,257,5,0,0,1
selfcare,3088,92,1,5,7
positivevibes,257,5,0,0,1
meditationcommunity,257,5,0,0,1
gratefulheart,257,5,0,0,1
happinesswithin,257,5,0,0,1
selfdiscovery,257,5,0,0,1
hopefulhealing,281,26,0,1,1
renewedhope,281,26,0,1,1
wellnessbenefits,552,37,0,1,2
naturalpainrelief,552,37,0,1,2
healthjourney,552,37,0,1,2
freeconsultation,281,26,0,1,1
transformpain,281,26,0,1,1
healingjourney,281,26,0,1,1
enhancedrecovery,271,11,0,0,1
mentalresilience,271,11,0,0,1
chillout,271,11,0,0,1
embracethecold,271,11,0,0,1
coldexposure,715,35,1,1,2
mindfulness,128636,7624,157,2229,7
recoverymatters,271,11,0,0,1
sportsperformance,362,15,0,3,1
spinecare,362,15,0,3,1
activelifestyle,1577,53,0,3,3
movementcommunity,362,15,0,3,1
prioritizehealth,362,15,0,3,1
backrelief,2839,75,0,6,4
naturalpainremedies,451,19,0,0,1
movementtherapy,758,27,0,1,2
sharetherelief,1953,91,0,4,5
hipopener,307,8,0,1,1
tighthipsrelief,307,8,0,1,1
healthandwellnessjourney,307,8,0,1,1
neckexercises,281,24,0,0,1
flexibilitytraining,281,24,0,0,1
sharethegoodness,281,24,0,0,1
workfromhomewellness,255,4,0,1,1
backandshoulderstretches,255,4,0,1,1
officestretches,255,4,0,1,1
painreliefsolutions,255,4,0,1,1
workplacewellbeing,255,4,0,1,1
sorecalvesnomore,926,28,0,0,1
tensionrelief,926,28,0,0,1
recoverytips,926,28,0,0,1
mondaymotivation,2668,78,1,3,5
tensionrelease,301,21,0,1,1
wellnesswarriors,301,21,0,1,1
neckrelief,1159,27,0,2,2
gentleexercises,299,11,0,2,1
spreadthelove,299,11,0,2,1
empowerment,929,36,0,1,2
yogainbed,67349,5506,129,1151,9
morningyoga,2522,193,7,28,2
selfcareroutine,264,27,0,2,1
yogalove,264,27,0,2,1
namaste,1602,102,6,3,3
sharetheinspiration,264,27,0,2,1
bedyoga,264,27,0,2,1
dailyyoga,264,27,0,2,1
yogaposes,264,27,0,2,1
selflove,264,27,0,2,1
innerbalance,264,27,0,2,1
yogacommunity,264,27,0,2,1
painreliefjourney,260,9,0,0,1
embracemovement,565,28,0,0,2
banishbackpain,565,28,0,0,2
advancedprogram,565,28,0,0,2
sharetheknowledge,1830,49,0,3,4
releaseyourhips,339,8,0,0,1
hipmobility,339,8,0,0,1
workoutwithkids,289,10,0,0,1
familyfitness,289,10,0,0,1
backexercises,2547,68,2,1,4
inspireeachother,289,10,0,0,1
leadbyexample,289,10,0,0,1
sharethejoy,289,10,0,0,1
upgradeyoursleep,394,11,0,1,1
restorativebliss,394,11,0,1,1
sleepwell,394,11,0,1,1
sleeptips,394,11,0,1,1
sharethewisdom,394,11,0,1,1
middayrelief,268,10,0,0,1
groupsession,268,10,0,0,1
wellnessbreak,268,10,0,0,1
workplacewellness,268,10,0,0,1
sharethewellness,268,10,0,0,1
sciaticarelief,11100,338,9,39,13
foamrolling,926,13,0,3,1
targetedstretching,926,13,0,3,1
morningstretches,2776,121,4,16,2
startyourdayright,376,15,0,1,1
spreadthewellness,376,15,0,1,1
morningroutine,1399,41,1,3,3
productiveday,376,15,0,1,1
painprevention,257,6,0,0,1
workwellness,257,6,0,0,1
ergonomictips,257,6,0,0,1
worklifebalance,257,6,0,0,1
wristrecovery,387,20,0,0,1
preventwristpain,387,20,0,0,1
ergonomics,387,20,0,0,1
staystrong,387,20,0,0,1
protectyourwrists,387,20,0,0,1
wristhealth,387,20,0,0,1
productivity,387,20,0,0,1
painfreeback,263,8,0,0,1
discoverthesolution,263,8,0,0,1
onlineprogram,824,19,0,0,3
thepujatsmethod,773,21,0,0,3
cognitivestimulation,250,2,0,0,1
boostyourmind,250,2,0,0,1
sharpenfocus,250,2,0,0,1
enhanceenergy,250,2,0,0,1
energeticlife,250,2,0,0,1
buisness,821,22,0,0,3
sittingpainrelief,287,5,0,0,1
hipandbackhealth,287,5,0,0,1
nomorediscomfort,287,5,0,0,1
goodbyebackpain,274,6,0,0,1
tailoredrelief,274,6,0,0,1
trustedsolutions,274,6,0,0,1
wellnesstransformation,274,6,0,0,1
boostenergy,260,11,0,0,1
exercisebenefits,520,22,0,0,2
restfulsleep,260,11,0,0,1
energizedlife,260,11,0,0,1
superchargeyourenergy,260,11,0,0,1
revitalizeyourbody,260,11,0,0,1
1,78821,479,4,12,3
fitcoach,497900,4252,13,20,3
fitness,504622,4648,17,21,9
fitnessroutines,497900,4252,13,20,3
workoutplan,499263,4317,15,26,5
fitnesseducation,497900,4252,13,20,3
backpain,36939,758,13,43,42
spinehealth,445,7,1,0,1
lowerbackpain,1064,21,1,0,2
chronicpain,445,7,1,0,1
wellness,6997,241,15,14,5
physicalther,445,7,1,0,1
millenilas,566,13,0,2,1
workout,31359,2942,50,21,22
workoutmotivation,29734,751,25,13,21
gymmotivation,24620,493,9,10,23
musclebuilding,610,14,0,0,1
millenials,5918,142,2,1,9
gymrats,610,14,0,0,1
reelsvideo,2207,47,0,0,4
commedy,14108,520,32,35,15
movement,593,25,2,2,2
gym,4403,101,4,3,5
movementculture,2440,94,0,5,4
discoverpage,1006,8,0,0,2
funnymemes,1942,35,3,2,3
backpian,1357,32,0,0,2
physique,1287,35,0,0,2
gymrat,4607,85,0,2,6
functionaltraining,853,16,0,0,1
trusttheprocess,388,3,0,0,1
dadsofinstagram,2177,41,3,4,2
dads,630,17,2,0,1
dadbod,630,17,2,0,1
movemoreathome,500,26,0,0,1
workingfromhome,623,28,0,0,2
sciatica,2031,56,0,0,4
coldshower,1367,16,2,0,1
dopamine,1367,16,2,0,1
whatmakesmehappy,1367,16,2,0,1
reelsviral,1719,39,2,0,2
originalsound,1367,16,2,0,1
victorious,1278,33,0,0,1
gymotivation,1278,33,0,0,1
calisthenicsworkout,11752,126,4,3,6
homeworkout,689,37,0,0,2
wristpain,1217,35,0,1,2
physiotherapy,9691,393,9,15,7
gymworkout,365,12,0,0,1
calisthenics,20894,1422,31,26,15
beast,200,7,0,0,1
monster,200,7,0,0,1
worklife,123,2,0,0,1
commedytiktok,2298,40,1,0,5
backpainfix,1684,40,0,1,3
howtofixbackpain,752,14,0,1,1
ai,246,5,0,0,1
aitrend,246,5,0,0,1
artificialintelligence,246,5,0,0,1
artificialart,246,5,0,0,1
golfing,650,6,0,0,1
golfswing,650,6,0,0,1
wellnessthatworks,223,4,0,0,1
retreat,223,4,0,0,1
localbusiness,223,4,0,0,1
thingstodo,223,4,0,0,1
rigalive,223,4,0,0,1
natural,514,9,0,0,1
relief,514,9,0,0,1
hacks,1249,45,2,1,2
blackfriday2022,343,3,0,0,1
musthaves,343,3,0,0,1
tiktokindia,119476,1203,28,37,13
workhumor,329,17,0,0,1
workfromhome,329,17,0,0,1
backworkout,3871,69,1,4,5
gymtok,7020959,137807,863,3642,15
movementmedicine,969,39,1,2,2
beastmode,5774,146,4,12,6
tickotindia,519,12,1,0,1
barbrothers,519,12,1,0,1
millennials,1330,63,0,3,3
backishurting,619,14,0,0,1
backapinrelief,471,29,0,1,1
softwareproblem,471,29,0,1,1
creatorsweekchallenge,409,7,0,0,1
reelsindia,1665,23,3,1,2
nurseslife,492,4,1,0,1
badposture,678,12,1,1,1
funnyvideos,8120,229,5,3,9
onehandpullups,428,6,0,0,1
strenghtenfingers,428,6,0,0,1
animepower,428,6,0,0,1
backstretch,504,16,0,0,1
backfix,3792,75,1,4,3
backexercise,1712,34,1,2,2
millenial,703,7,0,0,1
millenialproblems,703,7,0,0,1
gymhumor,7012154,137677,861,3637,16
millenialsbelike,1361,18,0,0,1
viralvideos,1549,18,1,0,2
reelsv√≠ral,1066,7,1,0,1
uchiha,754,11,1,0,1
madarauchiha,754,11,1,0,1
wristinjury,852,23,0,1,1
painsolution,1869,41,0,1,2
,160567,7648,190,268,44
coffee,6471,531,15,8,9
coffeeaddict,772,2,0,0,1
dailydose,772,2,0,0,1
coffeehumor,772,2,0,0,1
neckpaim,860,16,0,0,1
gymmemes,7010521,137596,859,3636,5
gymhumour,3291,30,1,0,3
workouttips,1245,9,0,0,1
fatherson,1547,24,1,4,1
fatherandson,1547,24,1,4,1
inspirational,5079,78,1,5,4
fitnesstransformation,3128,30,0,0,2
transformation,1701,19,0,0,1
stretching,1519,11,0,0,1
comedy,3385,103,15,4,5
brutal,1269,14,0,0,1
beastwithin,1269,14,0,0,1
pujatstherapy,185440,8650,215,1082,84
relatable,2000,33,3,2,2
yogapants,4100,164,3,10,3
amv,4833,87,1,3,3
animeedit,1205,25,0,1,1
inspo,1205,25,0,1,1
motivation,23979,550,12,4,6
creatorrevolution,921,15,0,0,1
tiktokthougtme,112096,4640,33,183,26
tiktokpartner,802870,25301,822,1940,83
laborday,715,12,0,0,1
labordayweekend,715,12,0,0,1
dontworrydarling,715,12,0,0,1
tiktokthaughtme,715,12,0,0,1
dadfilter,801,9,1,0,1
filter,801,9,1,0,1
tiktokdad,1746,23,1,2,3
motivational,854,16,0,1,1
tiktok_india,3348,74,2,9,2
mondaymood,5796,75,0,2,5
mondays,921,40,0,1,2
gymcomedy,3341,66,0,1,3
stitch,4253,157,17,13,6
back,1959,120,3,3,4
fakeabs,2889,34,0,1,1
debunked,2889,34,0,1,1
lifehacks,38813,1022,9,21,4
backstretches,626,20,0,4,1
inspirationalvideo,1646,37,1,1,3
callisthenics,682,14,0,1,1
dadswholift,498,9,0,1,1
dadsoftiktok,10100,84,26,3,2
bulksupplements,534,6,0,0,1
bulksuppstt,534,6,0,0,1
ad,534,6,0,0,1
girlsbelike,490,10,4,0,1
influencers,490,10,4,0,1
imfluencersbelike,490,10,4,0,1
influencersinthewild,490,10,4,0,1
fit,3750,301,3,4,4
tiktokdaddy,1593,44,0,1,1
wokrouthumor,5183,42,0,2,1
fitnesshumor,7027,77,0,3,4
monday,435,32,0,1,1
moveeveryday,454,15,0,0,1
gymlife,2387,73,1,3,2
comedyindia,1371,21,0,1,2
tiktokjapan,171598,4556,87,31,2
narutoedit,3360,23,0,1,2
funnygymvideos,3064,41,4,0,5
medicine,8531,117,4,12,2
fitnesmotivaton,5229,48,5,3,3
smallbusiness,1036,35,3,0,2
powerawesome,591,5,0,1,1
physicaltherapy,5258,119,7,9,4
inspiration,28620,799,8,4,3
olaflex,3313,145,1,0,1
motivationalvideo,3021,66,5,0,5
happymonday,1645,32,1,1,2
callisthenicsworkout,1253,17,0,0,1
comedytiktokvideos,1373,11,1,0,1
cringe,1373,11,1,0,1
mondaylaughs,1128,4,0,0,1
mondayvibes,2844,201,5,4,2
tiktokmademedoit,1128,4,0,0,1
diyworkout,1193,17,0,0,1
calisthenicsathlete,1193,17,0,0,1
rawpower,829,12,0,1,1
caliathenicschallenge,829,12,0,1,1
workouthumor,5035,66,2,1,3
funnytoks,2605,35,2,0,2
tiktokbreak,974,23,1,0,2
mentalhealth,543,7,0,0,1
fitnessindia,1179,19,1,0,2
workoutpain,575,10,1,0,1
coffeetiktok,1489,35,2,5,2
preworkout,604,9,0,0,1
matcha,604,9,0,0,1
sagemode,563,19,0,0,1
dbz,1153,55,4,1,2
caliathenicsworkout,1111,25,1,0,2
barsworkout,563,19,0,0,1
discoverfyp,563,19,0,0,1
neckstretches,11600,658,3,20,1
neckrelease,11600,658,3,20,1
5things,16179,752,8,24,3
hipmobilityexercise,1685,50,1,3,1
hipopeners,5281,351,12,89,2
calsisthenics,550,11,1,0,1
worldshardestpushup,550,11,1,0,1
funnytok,4093,45,2,1,2
pro,1799,36,4,0,1
athlete,7455275,740929,1586,4869,21
couplecomedy,2134,26,1,2,1
tiktokparents,2134,26,1,2,1
coupletok,2134,26,1,2,1
fypsounds,3050,59,3,3,2
howto,7045208,138789,866,3689,4
enhancement,36100,875,7,19,1
banka,3109,28,0,0,1
bankaitrend,3109,28,0,0,1
summerfit,7350,354,0,32,1
itachiedit,2662,12,0,0,1
reminder,2691,18,0,2,1
drinkwater,2691,18,0,2,1
tiktokindia_,4890,42,0,2,2
waterislife,78591,2781,40,47,2
thingstoavoid,2486,31,3,3,1
humor,6550,116,10,3,5
funnytiktok,3837,66,7,1,5
dailystretches,2093,63,2,1,1
animation,2093,63,2,1,1
quotestoliveby,1101,8,0,1,1
mentalhealthsupport,1167,21,0,0,1
mindsetmatters,1167,21,0,0,1
depression,1167,21,0,0,1
coldplunge,3267,38,0,1,1
iceman,3711,62,1,2,2
worldstar,1663,14,2,0,1
mentalhealthawareness,783,11,0,0,1
learnontiktok,1169995,36980,1234,3050,141
gymtiktok,1463,17,0,1,2
explosivetraining,644,9,0,1,1
midjuly,644,9,0,1,1
lifehack,10961,480,27,16,9
noshirtnoproblem,2408,150,0,0,1
fitpeoplebelike,2408,150,0,0,1
fitpeopleprobs,2408,150,0,0,1
strenghttraining,581,20,3,0,1
muscleup,1690,104,7,0,2
barworkout,1081,31,5,0,2
mothernature,447,5,0,1,1
rocks,447,5,0,1,1
redflag,601,7,0,0,1
tiktokfunnyvideos,1169,18,2,0,2
funnytiktoks,8353,260,5,2,2
plannetfitness,568,11,2,0,1
tiktoktoughtme,1443,50,1,4,2
personaldevelopment,487,13,0,2,1
whatsongareyoulisteningto,1171,31,0,1,1
apifamily,1171,31,0,1,1
calisthenicshold,1171,31,0,1,1
cleantok,956,37,1,2,1
mobilityexercise,956,37,1,2,1
yogahumor,7752,253,5,2,1
after30,7752,253,5,2,1
lafc,604,9,0,2,1
summerleague,604,9,0,2,1
360,604,9,0,2,1
wordsofwisdom,1869,39,4,0,4
flexibilidad,2038,70,0,0,1
yogaformen,2038,70,0,0,1
trendingtiktok,9614,262,10,5,7
relatableaf,1175,22,0,0,2
newtrend,652,7,0,0,1
workoutchallenge,2097,97,7,0,3
comperison,582,8,3,0,1
4thofjuly,477,14,0,0,1
fourthofjuly,477,14,0,0,1
july4th,477,14,0,0,1
independenceday,477,14,0,0,1
tiktokworkoutchallenge,558,12,0,0,1
workoutmotivationquotes,483,11,0,0,1
afterdark,483,11,0,0,1
findingmusic,523,15,0,0,1
321bang,5671,160,5,3,1
recovery,1279,58,7,1,3
mobility,517,12,1,1,1
usefultips,1759,113,6,25,2
quoteoftheday,1357,34,2,0,3
aesthetics,506,14,0,1,1
roevwade,419,18,0,0,1
fullbodyworkout,419,18,0,0,1
crossfit,2244,80,2,3,3
tiktokgym,2250,75,3,1,3
gymhumorforyoupage,1371,54,2,1,1
funnymoments,301,6,0,0,1
funnyvideo,1151,42,3,2,2
thesummeriturnedpretty,1068,11,0,1,2
tsitp,1068,11,0,1,2
trendingsong,601,5,0,0,1
comed—É,1599,36,6,1,3
stunning,467,6,0,1,1
tiktokworkouts,879,21,1,0,2
oddlysatsifying,470,11,0,0,1
detox,470,11,0,0,1
tiktokhumor,478,6,0,0,1
neckpain,2094,112,10,10,3
selfhelptips,471,10,0,0,1
selfhelp,222741,8124,179,1573,5
chiropracticadjustment,407,10,5,0,1
funnyy,407,10,5,0,1
viralaudio,382,9,4,0,1
gainscheck,382,9,4,0,1
gainsville,382,9,4,0,1
takeabreak,431,16,1,0,1
peaceofmind,431,16,1,0,1
meditation101,431,16,1,0,1
responsability,455,9,3,0,1
finaly,455,9,3,0,1
adventure,1728,60,4,1,4
traveltiktok,3781,278,16,3,5
impact,261,6,1,0,1
epic,1023,37,2,3,2
bankai,590,36,4,1,1
naruto,172413,4642,95,32,3
animeworkout,590,36,4,1,1
joji,392,15,1,1,1
comdey,392,15,1,1,1
yogachallenge,12531,706,58,26,6
commedyüòÇ,689,24,4,2,1
trendingsound,689,24,4,2,1
backflipchallenge,5032,428,8,4,3
frontflip,2666,282,12,2,3
gymnastoftiktok,712,19,2,0,1
acrobatics,712,19,2,0,1
breakfromwork,673,36,1,5,1
learnintoktok,1124,45,3,5,2
chairyoga,673,36,1,5,1
kneepain,64586,3172,58,781,3
fitnessroutine,5014,350,8,33,4
whatsthatsound,668,27,0,0,1
ideas,668,27,0,0,1
legrelaxing,1115,42,0,4,1
yogaflow,12204,737,26,99,10
yogastretches,1115,42,0,4,1
mudras,14575,250,11,17,5
healthylungs,831,17,0,0,1
lungexercises,831,17,0,0,1
heart,831,17,0,0,1
meditation,8369,523,23,20,16
helpfultips,4254,193,5,19,2
fyp„Ç∑„Çöviral,18131,573,13,59,7
fyp„Ç∑,7035,542,39,23,10
sorynotsory,579,22,3,0,1
workoutprank,579,22,3,0,1
westseattle,521,18,0,0,1
seattle,521,18,0,0,1
pnw,989,28,0,0,2
pacificnorthwest,1708,115,4,5,3
neverdo,746,14,1,1,1
fail,60376,4597,55,34,14
epicfail,746,14,1,1,1
workoutfail,746,14,1,1,1
longboarding,973,20,0,1,2
skateboard,1486,56,1,1,3
travel,1006,58,4,2,2
mindfulyoga,4064,214,22,36,3
armworkout,1128,41,1,4,1
armworkoutwithdumbbells,1128,41,1,4,1
growarms,1128,41,1,4,1
fasting,1138,27,4,0,2
comparison,451,9,2,0,1
alternative,451,9,2,0,1
hormesis,687,18,2,0,1
cellrepair,687,18,2,0,1
hippain,11258,293,8,24,2
hiprelease,9729,200,6,14,1
poping,9729,200,6,14,1
sixpackabs,2654,173,6,6,4
forypupage,2420,215,3,6,2
healthispriority,444,24,1,1,1
themoreyouknow,444,24,1,1,1
tiktokcreator,1049,29,5,0,3
routine,244,7,1,0,1
nightyoga,4594,198,7,20,2
eveningyoga,4594,198,7,20,2
pepsiapplepiechallenge,654,21,7,1,1
badcoffee,654,21,7,1,1
goodcoffee,654,21,7,1,1
selfcaretips,5102,122,10,1,2
newyearresolution,557,21,2,0,1
nocouchpotato,503,11,4,0,1
couchpotato,503,11,4,0,1
yougotthis,1240,65,6,0,2
keeppunching,503,11,4,0,1
recap2021,805,22,4,0,2
recapacita,369,13,2,0,1
year2021,369,13,2,0,1
newyear,369,13,2,0,1
recap,436,9,2,0,1
2021‚ù§Ô∏è,436,9,2,0,1
abchallange,6102,281,12,44,8
abschallenge,787,17,1,1,2
tiktokbaby,479,13,1,0,1
coffeebad,885,26,2,5,1
coffeegood,885,26,2,5,1
celebrities,466,10,1,0,1
canyoulift,466,10,1,0,1
dontgiveup,14008,1456,18,3,2
workoutwithme,710,21,4,1,2
healthguide,2117,74,2,15,1
abchallege,837,31,3,3,2
canyou,452,11,0,1,1
warzone,402,17,4,0,1
fitnestok,3771,212,12,16,3
santa,456,27,1,0,1
openingpresents,456,27,1,0,1
xmasvsreality,456,27,1,0,1
tiktokxmas,456,27,1,0,1
christmastok,456,27,1,0,1
fastaf,437,20,1,1,1
fastandfurious,437,20,1,1,1
speeddrills,437,20,1,1,1
funnyedit,666,20,5,0,1
funnyworkout,666,20,5,0,1
beforeandafter,586,24,1,1,1
glowup,586,24,1,1,1
afterworkout,586,24,1,1,1
consistencyiskey,658,35,1,0,1
pujatsabchallenge,17687,892,57,103,22
lawofattraction,545,27,2,3,3
moonwater,1408,65,3,4,3
spiritualtiktok,356,13,1,3,1
soundsoftiktok,322,15,3,0,1
lifttoküèãÔ∏èüí™,322,15,3,0,1
lifttok,1093,36,3,0,3
benchmob,322,15,3,0,1
30dayabchallenge,335,15,0,0,1
abs,6717,585,10,6,9
competitivegaming,335,15,0,0,1
icetok,649,49,0,3,1
teamclicks,662,30,2,1,2
declarationchallenge,662,30,2,1,2
5strgnrlsonbandcamp,662,30,2,1,2
bananasplit,459,25,2,1,1
splits,459,25,2,1,1
yogatok,177394,11811,245,3127,7
fittok,459,25,2,1,1
hardwork,351,9,0,0,1
hardworkpaysoff,351,9,0,0,1
nevergiveup,1088,63,2,0,2
thehardertheyfall,351,9,0,0,1
newpr,420,12,0,0,1
brokerecord,420,12,0,0,1
pr,420,12,0,0,1
pb,420,12,0,0,1
muscletok,420,12,0,0,1
fullmoon,2524,316,44,28,2
lawofatraction,3184,349,46,29,3
rituals,258,14,0,0,1
abstok,683,47,2,1,1
30daychallenge,12246,613,29,85,15
fbdown,553,26,2,0,1
igdown,553,26,2,0,1
abtok,14252,696,36,91,17
strongarms,553,26,2,0,1
superman,553,26,2,0,1
brucelee,5395,245,3,3,3
bruceleeabs,1055,35,1,2,1
abchallengeworkout,5966,301,22,41,9
showerthoughts,2173,171,17,3,1
strugleisreal,2173,171,17,3,1
obsesh,1051,49,14,2,2
obseshnation,407,11,2,1,1
obseshon,1051,49,14,2,2
athletes,4291,342,7,3,3
ncaa,407,11,2,1,1
water,3625,150,5,2,3
thesecret,392,19,0,0,1
witchesoftiktok,392,19,0,0,1
tiktokabs,9302,475,22,76,11
36secondsoflightwork,586,39,2,5,1
stretches,6324,427,15,101,3
stretchtok,2400,106,4,15,1
tiktokstretch,2400,106,4,15,1
tiktokcontest,3078,173,22,12,4
tiktokyoga,174614,11720,240,3127,6
yogq,19100,1129,32,179,1
yogaforkids,19100,1129,32,179,1
kidsyogq,19100,1129,32,179,1
tiktokchallenge,2665,111,16,7,3
septemberchallenge,689,32,4,1,1
1september,656,28,10,2,1
corebalance,1521,70,5,6,1
test,1521,70,5,6,1
tiktoktest,1521,70,5,6,1
triggerpointtherapy,95433,1736,85,169,11
triggerpointmassage,3169,193,40,9,2
backrelease,1448,39,4,6,1
therapyworks,1448,39,4,6,1
massage,5502,137,8,18,4
tiktokhack,28508,3016,68,680,2
stitchthis,1008,41,2,2,1
tiktoksave,2341,108,6,6,2
eveningstretching,3596,301,11,86,1
healthtok,8998,461,24,97,3
joints,4073,81,8,1,1
science,4681,115,10,5,2
tiktokfacts,4073,81,8,1,1
tiktokphysio,4391,306,10,96,1
physiotok,4391,306,10,96,1
jointhealth,4391,306,10,96,1
cardiovascularhealth,1333,67,4,4,1
savealife,1333,67,4,4,1
hearthealth,1333,67,4,4,1
puahupchallenge,2040,116,3,6,1
pushups,3451,255,9,7,2
challange,23947,2330,24,14,9
triggerpoints,20182,508,35,35,5
therapytiktok,3332,172,5,24,2
tiktoktips,18034,1069,28,219,4
funny,6816,517,15,30,6
qigong,19200,2040,25,334,1
qigonghealing,19200,2040,25,334,1
qigongpractice,19200,2040,25,334,1
qigongonline,19200,2040,25,334,1
qi,19200,2040,25,334,1
bedtime,11200,778,15,182,1
bedtimeyoga,11200,778,15,182,1
usefullifetips,12529,857,20,192,2
creatine,1329,79,5,10,1
muscles,2088,191,5,10,2
pushupchallenge,1143,55,2,0,1
strongfingers,1143,55,2,0,1
peopleareawesome,1531,109,3,0,2
magnesiumdeficiency,3648,110,8,18,1
supplementsthatwork,3648,110,8,18,1
minerals,3648,110,8,18,1
blowitupplease,1105,64,4,8,1
neverlearn,1105,64,4,8,1
funnycomedy,1105,64,4,8,1
trythis,2788,227,13,46,3
painaway,2270,189,7,44,2
sciaticapain,1242,101,5,24,1
summervibes,23711,893,6,11,2
summer2021,711,42,3,2,1
adventuretime,1743,124,10,4,3
traveltok,711,42,3,2,1
nexkrelease,1028,88,2,20,1
quickworkout,1989,103,6,10,1
bootchallenge,1989,103,6,10,1
but,1989,103,6,10,1
summerworkout,1989,103,6,10,1
recoverytok,124700,7359,131,2222,1
openingceremony,1985,91,3,2,2
tokyoolympics,4743,193,14,13,4
tokyo,1019,41,2,0,1
perserverance,737,54,2,0,1
polevault,8098756,783484,2170,5304,116
olympian,1363,82,11,5,2
privatecoach,647,32,1,4,1
mentorforyou,647,32,1,4,1
mentalhealthmatters,768,55,16,2,1
hacksoftiktok,768,55,16,2,1
selfcaretiktok,768,55,16,2,1
tiktokpartnership,768,55,16,2,1
wordsofaffirmation,660,33,2,1,1
olympicgames,1863,183,4,4,3
olympicspirit,537,28,2,0,1
leadwithlove,537,28,2,0,1
tokyoolimpics,537,28,2,0,1
tutorials,1758,60,2,5,1
quick,1987,67,2,5,2
nauli,6760,203,26,18,3
bellydancer,1758,60,2,5,1
ethicalbusiness,655,30,2,0,1
mystory,655,30,2,0,1
meaningfulstories,655,30,2,0,1
loseweight,665,60,3,8,1
loseweightfast,665,60,3,8,1
fypsound,538,48,4,2,1
xgamesmode,716,50,10,1,1
mindfullness,608,34,2,4,1
mindfulmeditation,608,34,2,4,1
breatheasy,813,58,0,4,1
lunghealth,813,58,0,4,1
chestpain,2372,89,0,7,1
breathing,5551,186,22,9,2
chillvibes,2016,141,10,0,3
obseshion,644,38,12,1,1
stichthis,644,38,12,1,1
adventures,714,56,3,0,1
chill,808,51,4,0,1
skateboarding,2312,182,9,3,2
skate,808,51,4,0,1
longboard,1504,131,5,3,1
amazingdestination,1504,131,5,3,1
dontsweatit,958,54,2,12,2
chairworkout,448,23,1,1,1
viral,25779,1058,35,5,5
igotyou,776,27,2,1,1
blowitupboys,2032,98,9,7,3
blowitup,776,27,2,1,1
yesdaychallenge,916,33,2,1,1
athleteappreciation,916,33,2,1,1
athletesoftiktok,916,33,2,1,1
duet,46407,1302,38,108,3
upperbody,598,16,1,0,1
storytime,1204,52,15,0,2
storyofmylife,615,25,8,0,1
poweroftiktok,615,25,8,0,1
itsfriday,630,26,4,1,1
viraltiktok,630,26,4,1,1
modellife,630,26,4,1,1
foryoupage,84027,5155,127,72,47
foodtiktok,40500,921,12,68,1
bodyhacks,40500,921,12,68,1
affirmations,2266,302,44,28,1
fullmoonwater,2266,302,44,28,1
asosfashunweek,292,12,2,0,1
modeling,593,23,2,0,2
ontheset,593,23,2,0,2
friday,311,8,2,0,1
neckfix,518,38,6,2,1
runningonwater,323,29,1,0,1
running,730,82,1,1,3
runningtips,323,29,1,0,1
me,589,27,7,0,1
story,589,27,7,0,1
colddays,501,27,2,2,1
wellnesstok,1289,46,2,5,1
therapy,4249,152,6,5,3
oddlysatisfying,3393,60,6,3,1
sextok,479,20,0,2,1
lunarnewyear,947,37,0,3,2
hormonalacne,479,20,0,2,1
chinesenewyear,468,17,0,1,1
chinesenewyear2021,468,17,0,1,1
healthyheart,1275,67,3,6,4
clf2020taughtme,86318,3837,121,747,24
greatest,631,32,0,4,1
‰∏≠ÂõΩ,1188,54,0,4,2
ÁóÖÊØíÂºèÁöÑ,631,32,0,4,1
‰∏∫‰∫Ü‰Ω†,557,22,0,0,1
Áâ©ÁêÜ,557,22,0,0,1
kneepainrelief,59100,2845,47,685,1
advicetok,2094,120,10,17,3
proposal,464,78,16,0,1
polevaultedition,7463,117,9,0,1
ihopeidontfall,4951,126,7,4,1
chestphysicaltherpy,1719,73,5,19,1
cpt,1719,73,5,19,1
chestphysiotherapy,1719,73,5,19,1
squats,361,22,0,0,1
yogaforhips,359,32,3,2,1
yogi,1502,122,11,4,3
massagetherapy,431,20,11,1,1
physiotherapyworks,2438,72,2,3,2
recommendation,2438,72,2,3,2
inverted,1646,41,2,0,1
upsidedownchallenge,892,51,1,0,1
perfectgifts,768,26,6,0,1
physio,4305,172,3,5,2
didyouknow,4134,324,47,10,3
polebaulting,1277,251,0,2,1
failvideo,7823,601,9,8,4
polevaulting,169492,6312,137,41,21
crazy,1411,139,6,1,1
crazyvideos,1411,139,6,1,1
failarmy,14239,1223,29,6,5
gymnastics,22512,1785,24,26,7
jumpersworld,2324,95,0,3,2
myrecommendation,4607,387,17,5,4
parkur,14944,1692,17,21,4
animalsdoingthings,1841,155,12,2,2
handstand,7199,410,20,3,3
handstandchallenge,5900,480,23,3,3
happyhallowen,1128,66,9,3,1
hallowenlook,1128,66,9,3,1
mycostume,1128,66,9,3,1
spookyseason2020,1128,66,9,3,1
marvelstudios,1128,66,9,3,1
pv,4735,367,11,11,5
tiktokparnter,312767,8627,149,53,4
polevaulter,9620,771,25,12,3
happyhalloween,3304,456,7,2,1
trend,3304,456,7,2,1
polevailting,5600,554,18,4,1
showupshowoff,5600,554,18,4,1
polevaultfail,15490,1536,38,9,3
auch,6275,782,14,5,1
triggerpoint,243475,7957,156,1518,3
healthhack,198300,7776,162,1555,2
concept,73528,785,18,10,2
kyuubi,170900,4545,87,30,1
musclerecovery,76000,748,10,24,1
satsifying,135000,3442,48,14,1
adayinmylife,135000,3442,48,14,1
sunsalutation,72700,734,14,10,1
–ø—Ä–∞–Ω–∫,72700,734,14,10,1
vata,1309,47,3,2,1
ayurveda,3077,139,14,5,3
levitating,1288,267,3,0,1
dayinmylife,2710,348,10,3,2
dosha,965,52,2,1,1
teachersoftik,28900,189,9,6,1
yogini,28900,189,9,6,1
tiktokusaofficial,28900,189,9,6,1
behimdthescenes,1294,130,5,0,1
tutorial,5010,256,9,5,2
mukbang,1033,64,2,3,1
teachersontiktok,78300,1441,53,36,1
bodypositive,78300,1441,53,36,1
greenscreenvideo,90393,1656,101,45,4
prank,16028,1581,20,2,2
athletics,161045,6542,86,23,18
behindthescene,1095,140,9,0,1
mukbank,1095,140,9,0,1
worldmentalhealthday,856,41,10,4,1
worldhealthday,856,41,10,4,1
teentigada,1961,370,13,1,1
satisfying,1961,370,13,1,1
satisfyingvideo,1961,370,13,1,1
ayurvedatips,1637,79,10,2,2
doshas,834,39,1,0,1
gimmesometruth,834,39,1,0,1
engineering,904,55,5,1,1
nbachampionship,915,52,1,0,1
vibewithus,9251,81,3,2,2
origionalmusic,1076,73,6,1,1
immuneupvapedown,76671,2817,46,46,2
watertober,75900,2763,40,45,1
welness,771,54,6,1,1
awaken,771,54,6,1,1
twilightzone,815,70,8,2,1
jokesonyou,177,14,2,1,1
polevaultdrills,79400,1794,30,18,1
crucialcatch,79400,1794,30,18,1
mantras,8336,29,2,2,1
animestyle,2778,104,9,7,1
narutouzumaki,2778,104,9,7,1
scienceathome,1233,78,8,6,1
redlighttheraphy,1233,78,8,6,1
lllt,1233,78,8,6,1
thatshot,4099,196,42,13,2
superfoods,1651,83,11,5,1
handstandtutorial,1883,50,16,9,1
raiseyourgame,1883,50,16,9,1
thepathtofreedom,297,21,13,2,1
wayoflife,297,21,13,2,1
hottopic,6252,358,72,9,3
airtime,738,168,31,2,1
whatisyoga,1075,94,22,1,1
drills,91716,13120,55,128,4
incense,1048,77,10,1,1
learnfromme,1048,77,10,1,1
yogawithpauls,5839,186,63,16,2
stretch,1400,90,44,10,1
formoms,1721,154,36,3,1
animalfriends,775,41,11,1,1
petslover,775,41,11,1,1
cutepetsvideo,775,41,11,1,1
LearnOnTikTok,1626,128,15,6,2
sendit,786,71,4,4,1
september1,786,71,4,4,1
moonsenergy,840,57,11,2,1
breathwork,13058,99,10,2,2
breathingexercises,12800,88,10,1,1
techniques,12800,88,10,1,1
masks,3179,97,22,2,1
healthtipseveryday,425,25,18,0,1
kittyinabag,441,99,1,0,1
catsoftiktok,441,99,1,0,1
cats,441,99,1,0,1
kitty,902,130,3,0,2
fy,21664,1185,46,15,21
naturefriendly,561,52,0,5,1
naturefriendlypackaging,561,52,0,5,1
ecopackaging,561,52,0,5,1
enviroklenz,561,52,0,5,1
tiktokedu,420,25,3,1,2
paulspujats,2598,307,8,0,4
namesday,479,67,8,2,1
surprise,479,67,8,2,1
love,4963,495,27,8,3
giveflowers,479,67,8,2,1
triggerpointsfornose,31700,596,16,63,1
reflexology,84200,1426,45,138,2
accupunture,31700,596,16,63,1
accupunctureworks,31700,596,16,63,1
mindfultips,328,20,0,0,1
handstandchalange,328,20,0,0,1
forstview,246,22,0,0,1
firstvideo,246,22,0,0,1
firsttiktok,246,22,0,0,1
firstontiktok,246,22,0,0,1
musclerelease,52500,830,29,75,1
jointpain,52500,830,29,75,1
selfhelptechnique,52500,830,29,75,1
trackandfield,7477174,743406,1597,4890,17
jump,1628,225,9,0,2
jumpnation,3071,578,14,3,2
easyworkouts,273,13,0,0,1
stayhome,273,13,0,0,1
xyz,675,52,4,0,2
mipan,273,13,0,0,1
flips,1634,158,2,0,2
baxkflip,388,54,1,0,1
stayyoung,388,54,1,0,1
myofascialrelease,2042,52,1,10,1
xy,759,112,0,0,1
xyzbca,13153,559,24,1,4
xybzca,759,112,0,0,1
interesting,4219,180,9,1,3
javelinthrow,402,39,4,0,1
javelin,886,93,5,0,2
compassion,292,61,0,0,1
xdd,292,61,0,0,1
foryouthis,292,61,0,0,1
xzybca,23400,694,40,2,2
playground,802,66,1,0,1
worldisyours,802,66,1,0,1
adreamcometrue,360,105,1,2,1
olympics,3884,417,3,2,2
feature,5562,652,12,3,4
coffeeoftiktok,802,164,1,1,1
coffeevibe,802,164,1,1,1
vibecheck,936,173,1,1,2
eatresponsibly,249,11,1,0,1
eggs,249,11,1,0,1
sustainableliving,249,11,1,0,1
makecoffee,353,69,0,2,1
makemoneyonline,219,3,0,0,1
foryou,396238,49223,334,402,102
prizes,194,10,0,0,1
challenge,7631,846,4,5,3
win,1216,150,1,0,2
vaulting,349,48,0,2,1
longjump,24933,2494,24,34,9
javelinthrower,1938,226,4,0,1
sprints,5554,474,6,0,4
speed,3146,208,6,1,4
jv,484,54,1,0,1
core,232,11,0,1,1
exercise,2491,85,2,13,2
ab,864,48,2,1,2
abexercies,422,24,0,1,1
getfit,422,24,0,1,1
gethealthy,422,24,0,1,1
stayfit,422,24,0,1,1
ilk,445,21,0,2,1
keepingactive,295,12,0,2,1
glass,442,38,0,0,1
brokenglass,442,38,0,0,1
mindovermatter,442,38,0,0,1
lifting,1453,133,3,0,3
weightloss,286,8,0,0,1
nohandschallenge,6154,90,4,10,1
thepushupchallenge,6154,90,4,10,1
plankchallenge,6444,130,6,10,2
abcheck,510,24,0,1,1
technique,1233,81,1,3,2
notes,798,52,0,0,1
pushupchallange,139,13,1,0,1
leavingmybody,207,29,0,1,1
stayhomestaystrong,207,29,0,1,1
slowmotion,2394,179,4,0,3
greatwalls,1323,79,2,0,3
voiceover,806,123,1,1,2
importante,661,107,1,0,1
keepingbusy,177,19,3,0,1
cooking,145,16,0,1,1
pancakes,145,16,0,1,1
easy,145,16,0,1,1
goodmorning,1012,82,4,5,2
visualozation,189,14,1,0,2
forme,2315,268,0,1,1
bedchallenge,617,48,2,3,1
riseandshine,617,48,2,3,1
youpage,2027,163,5,3,3
vinyasa,3049,165,4,10,5
foruoupage,1234,69,1,8,1
clean,1868,153,3,3,2
cleanhands,1433,124,2,0,1
healthtip,274,22,0,2,1
virus,243,19,2,0,1
runway,243,19,2,0,1
orange,1038,64,1,0,1
healrhy,1038,64,1,0,1
vitamin,1038,64,1,0,1
c,1038,64,1,0,1
coronavirus,501,23,0,3,2
healthy,1010,52,2,2,3
covid19,661,43,0,4,2
immunity,322,14,0,2,1
nutritiontips,339,29,0,2,1
no,339,29,0,2,1
playwithlife,1795,131,4,0,1
aftermycoffee,1332,57,14,7,1
normalpeople,1332,57,14,7,1
shecandoit,1332,57,14,7,1
foid,1296,32,0,3,1
delicious,1296,32,0,3,1
null,2143,72,1,8,4
beeryoga,302,15,1,1,1
wineyoga,592,24,1,4,2
extreem,513,36,1,0,1
drunkenyoga,290,9,0,3,1
bearyoga,290,9,0,3,1
spiritual,1707,96,4,2,3
spirit,442,19,2,3,2
healtjhacks,225,10,2,1,1
friyay,225,10,2,1,1
dowload,1325,24,1,6,1
hack,1325,24,1,6,1
nowatermark,1325,24,1,6,1
free,1325,24,1,6,1
tips,1325,24,1,6,1
helpfulltups,1325,24,1,6,1
strongback,259,30,2,1,1
healthyback,259,30,2,1,1
fun,3481,292,6,4,4
coffeetime,178,7,0,0,1
makeyourowndamncoffee,178,7,0,0,1
pp,178,7,0,0,1
nextchallenge,290,40,2,0,1
nextlevel,290,40,2,0,1
slomotion,261,17,0,2,1
slomo,261,17,0,2,1
diet,2703,49,7,0,1
food,3674,123,9,0,2
fu,2703,49,7,0,1
usefull,2703,49,7,0,1
respect,2703,49,7,0,1
clearmind,217,9,0,2,1
consciousness,910,77,2,2,2
dance,716,45,0,1,1
art,716,45,0,1,1
4up,716,45,0,1,1
toopgear,1439,102,0,1,1
jamesmay,1439,102,0,1,1
joke,1439,102,0,1,1
reverseaging,435,29,1,3,1
asana,3341,160,5,5,3
chakras,435,29,1,3,1
energy,529,34,1,3,2
training,1071,52,1,0,2
2020,229,7,0,0,1
lifestyle,229,7,0,0,1
fast,229,7,0,0,1
explosive,229,7,0,0,1
indoor,368,43,0,0,1
season,368,43,0,0,1
jumps,1016,77,0,0,2
nation,368,43,0,0,1
t,368,43,0,0,1
fyu,368,43,0,0,1
foryoupagethis,368,43,0,0,1
tjmaxx,282,15,0,0,1
modelchallange,282,15,0,0,1
sport,849,58,0,0,1
poolchallenge,2262,57,3,2,1
aqua,2262,57,3,2,1
slowmo,2262,57,3,2,1
studentathlete,4193,232,3,2,2
mepracticing,1931,175,0,0,1
spyderman,1931,175,0,0,1
venom,1931,175,0,0,1
mindfull,134,9,0,0,1
hatha,134,9,0,0,1
sports,9451,961,11,6,6
vibe,134,9,0,0,1
sleep,94,5,0,0,1
mind,94,5,0,0,1
psychology,94,5,0,0,1
flow,1640,85,4,1,2
headstand,740,32,1,0,1
meditstion,740,32,1,0,1
peacful,740,32,1,0,1
puertorico,2461,209,5,3,4
awesome,842,45,1,0,1
cool,842,45,1,0,1
thatswhatilike,842,45,1,0,1
coco,842,45,1,0,1
australi,693,68,2,0,1
save,693,68,2,0,1
beauty,693,68,2,0,1
om,1410,115,3,0,2
diy,6168,536,7,3,3
beautifuldestinations,282,22,1,3,1
ypupage,282,22,1,3,1
sunset,669,49,1,0,1
coconuts,669,49,1,0,1
nature,669,49,1,0,1
univerese,799,28,1,0,1
power,799,28,1,0,1
mudra,799,28,1,0,1
calm,237,38,1,0,1
restorative,237,38,1,0,1
healing,237,38,1,0,1
astrolagy,237,38,1,0,1
mystic,237,38,1,0,1
page,237,38,1,0,1
wordofwisdom,188,20,0,3,1
competition,5121,541,3,3,1
essx,6486,732,4,3,2
nike,8080,830,9,5,3
corgi,951,119,3,4,1
animlasdothings,951,119,3,4,1
cute,951,119,3,4,1
help,757,19,2,1,1
facts,757,19,2,1,1
akuaku,787,42,2,0,1
crash,787,42,2,0,1
weights,3647,296,3,0,3
ballin,2051,159,1,0,1
soccer,2051,159,1,0,1
lit,2051,159,1,0,1
field,119623,1395,9,4,3
athletic,5693,445,6,12,3
flexible,168,13,4,0,1
recover,971,74,2,0,1
icebath,971,74,2,0,1
hottub,971,74,2,0,1
2,1297,216,4,2,1
rush,1297,216,4,2,1
adrenaline,1297,216,4,2,1
goodeyes,349,16,2,0,1
healthyeyes,349,16,2,0,1
bluelight,349,16,2,0,1
blockers,349,16,2,0,1
shades,349,16,2,0,1
tipoftheday,349,16,2,0,1
peac,594,33,2,0,1
healthymind,594,33,2,0,1
body,594,33,2,0,1
strong,5670,891,7,1,2
exercises,219,22,1,0,1
nopain,923,87,2,0,2
gravity,1022,140,1,0,1
gtmnastics,1022,140,1,0,1
hustle,311,38,1,0,1
work,311,38,1,0,1
track,117211,1164,6,4,2
highjump,3455,307,4,0,2
animals,1054,113,3,2,2
run,1901,187,3,0,1
weightlif,704,65,1,0,1
strongman,704,65,1,0,1
athleate,832,64,4,0,1
dyi,832,64,4,0,1
trx,832,64,4,0,1
decathlon,2120,288,1,1,1
foryourpage,7442,720,10,7,6
pullupchallenge,1094,137,4,0,2
flexiblity,974,51,3,1,1
abzz,950,82,1,1,1
timelaps,950,82,1,1,1
featurepost,1947,288,2,0,1
trackday,1115,81,0,0,1
grandecojones,1585,188,1,2,1
adm,442,24,2,0,1
balance,586,34,3,0,1
mma,3947,372,8,4,2
tworoads,586,34,3,0,1
thatjusthappened,586,34,3,0,1
walkamile,586,34,3,0,1
featureme,4130,416,6,6,2
trending,2416,257,6,1,3
lol,490,49,1,0,1
trendy,9222,772,9,5,2
fuego,2681,261,3,1,1
featurethis,14772,1604,23,5,6
superherostuff,1495,133,4,2,1
trustfallchallenge,4812,317,0,6,1
yoga‡•ê,900,53,3,1,1
out,2945,370,9,5,1
mental,1298,67,3,0,1
standingonnails,8500,431,11,9,1
shivasdance,8500,431,11,9,1
shazamup,8500,431,11,9,1
treatyourself,2413,85,2,5,1
kt,2413,85,2,5,1
bandage,2413,85,2,5,1
workinprogress,2825,242,14,3,1
lifeisarunway,2825,242,14,3,1
cheer,1566,180,2,2,1
selfie,5961,577,7,6,3
dud,1566,180,2,2,1
ems,2057,208,3,1,1
flex,2057,208,3,1,1
torchuring,2057,208,3,1,1
hungry,2318,151,3,0,1
beasts,2318,151,3,0,1
football,2318,151,3,0,1
golong,2318,151,3,0,1
backflip,3207,377,10,4,2
beautifulday,1566,209,9,2,1
microwavechalange,1706,224,2,2,1
beyourself,1343,81,2,1,1
yonce,3734,551,4,3,1
healthylife,1316,129,3,3,1
letsgo,18500,2091,19,6,1
helo,1761,171,6,1,1
lame,2705,272,5,0,1
dontfeaturethis,2705,272,5,0,1
facepalm,2705,272,5,0,1
beyou,3962,378,7,1,2
greatful,2869,557,12,1,1
mondayvsfriday,1716,197,5,4,1
thefutureisnow,114000,3175,66,205,1
nurses,114000,3175,66,205,1
scienceexperiment,114000,3175,66,205,1
fingerchallenge,3453,351,4,2,2
tracknation,4636,655,4,2,1
outdoors,4636,655,4,2,1
givesyouwings,304800,46200,111,355,2
flyhigh,84700,12800,43,114,1
fingerdance,1818,188,2,1,1
military,9132,879,7,9,4
yogatime,3290,257,1,1,2
pullups,2013,162,2,1,1
strenght,2013,162,2,1,1
dontattempt,6546,1412,9,5,1
dangerous,6546,1412,9,5,1
poledance,6546,1412,9,5,1
—Ä–µ–∫–æ–º–µ–Ω–¥–∞—Ü–∏–∏,15922,1826,16,12,4
f√ºrdich,4633,442,7,9,2
–ª–µ–≥–∫–∞—è–∞—Ç–ª–µ—Ç–∏–∫–∞,2061,114,1,1,1
kpop,2061,114,1,1,1
justforfun,12752,1603,13,7,3
guidance,4734,646,28,9,1
memeathon,3501,314,2,6,1
parati,2666,220,5,2,1
„ÅÇ„Åü,2666,220,5,2,1
Âª∫ËÆÆ,2666,220,5,2,1
tennineeightsevensixfivefourthreetwoonezero,3361,338,5,4,1
tennis,3361,338,5,4,1
nailedit,6368,855,7,6,1
flip,8564,1010,10,7,2
hairflip,6368,855,7,6,1
lolz,6368,855,7,6,1
starwars,6567,596,4,2,1
lightsaber,6567,596,4,2,1
russia,6567,596,4,2,1
brazil,6567,596,4,2,1
360flip,5796,668,3,3,1
taichi,7768,439,2,2,2
ninja,5063,392,2,2,1
martialarts,5063,392,2,2,1
sprint,5828,495,3,2,1
couple,5828,495,3,2,1
fitfam,4767,443,4,2,1
vacation,3640,367,5,6,1
selfiebackflip,4395,397,5,4,2
goals,2328,129,2,0,1
friendshipgoals,2328,129,2,0,1
meh,2196,155,3,1,1
Êó•Â∏∏„Çítik„Çã,2196,155,3,1,1
onedream,20700,436,6,1,1
cod,2229,204,2,1,1
videogamesirl,6836,422,3,4,2
humanflip,2229,204,2,1,1
cosplay,2229,204,2,1,1
usa,2229,204,2,1,1
witnessmyfitness,1769,130,2,1,1
featured,1769,130,2,1,1
idea,1769,130,2,1,1
lululemon,4607,218,1,3,1
sponsorme,1390,147,4,1,1
rainyday,1569,142,2,1,1
workgrind,1176,109,1,0,1
new,1257,106,2,1,1
zankuchallenge,1201,141,5,1,1
backtothegrind,3894,347,8,2,4
witnessmyfitnesschallenge,3206,293,2,2,2
posechallenge,6541,511,6,4,1
backtogrind,1930,147,8,2,2
rollout,2705,47,0,0,1
isometrics,2705,47,0,0,1
dkyoo,2705,47,0,0,1
sweat,648,34,0,0,1
squatchallenge,648,34,0,0,1
shotput,648,34,0,0,1
